CustomerID,Gender,Location,Tenure_Months,Offline_Spend,Online_Spend
12346.0,F,New York,31.0,3000.0,2546.67
12347.0,M,New York,20.0,2000.0,2437.58
12348.0,M,California,39.0,3500.0,2217.07
12350.0,M,California,25.0,4000.0,3434.31
12356.0,F,Chicago,31.0,3000.0,2546.67
12359.0,M,New York,41.0,2500.0,1901.56
12370.0,F,New York,21.0,1000.0,2752.13
12373.0,F,New York,23.0,3500.0,3396.14
12377.0,F,California,27.0,2000.0,2103.13
12383.0,M,New York,32.0,2500.0,2908.1
12386.0,M,California,38.0,2000.0,2639.99
12388.0,M,Chicago,31.0,2500.0,1362.1
12393.0,F,Chicago,39.0,3500.0,3352.38
12395.0,F,New Jersey,10.0,3000.0,2659.34
12402.0,F,California,22.0,3000.0,1394.83
12410.0,M,California,8.0,4500.0,3112.73
12413.0,F,New Jersey,15.0,2500.0,1172.96
12414.0,M,New York,43.0,4000.0,3434.31
12415.0,M,Chicago,29.0,3500.0,1846.18
12417.0,F,California,37.0,1500.0,1478.19
12421.0,F,California,38.0,2500.0,1218.6
12422.0,M,Chicago,50.0,2500.0,1497.56
12423.0,M,New York,9.0,2500.0,923.4
12427.0,F,New York,37.0,2500.0,2064.34
12429.0,F,New Jersey,43.0,3000.0,2872.23
12431.0,F,New Jersey,14.0,4500.0,3480.36
12433.0,M,California,32.0,5000.0,3287.83
12434.0,F,Chicago,32.0,1000.0,1196.03
12437.0,F,New Jersey,50.0,4000.0,3434.31
12441.0,F,Chicago,39.0,2000.0,1330.54
12451.0,M,Washington DC,49.0,2500.0,1072.89
12464.0,M,New York,26.0,4500.0,663.46
12468.0,F,California,9.0,3500.0,2431.73
12471.0,F,California,11.0,4000.0,3116.98
12472.0,F,New Jersey,2.0,4000.0,4349.02
12474.0,F,New York,17.0,3000.0,2223.08
12476.0,M,Chicago,14.0,2500.0,2805.79
12477.0,F,California,10.0,3500.0,2973.53
12480.0,M,California,22.0,3000.0,1143.02
12481.0,F,California,49.0,1500.0,2155.96
12483.0,F,New York,39.0,2000.0,2408.61
12484.0,M,California,44.0,1500.0,2688.98
12489.0,M,California,2.0,1500.0,2493.64
12490.0,F,New York,26.0,3000.0,2223.08
12494.0,F,California,28.0,2000.0,2097.22
12500.0,F,Washington DC,46.0,3500.0,1846.18
12501.0,M,Chicago,8.0,1500.0,2493.64
12502.0,F,California,23.0,4000.0,3116.98
12503.0,F,Chicago,36.0,2500.0,1151.7
12510.0,F,California,25.0,2500.0,2297.87
12515.0,F,New York,28.0,2500.0,2489.36
12523.0,F,Chicago,35.0,2500.0,1172.96
12524.0,F,Washington DC,20.0,3500.0,1984.92
12527.0,F,Chicago,25.0,3000.0,2546.67
12528.0,F,New York,43.0,3000.0,2819.58
12530.0,M,California,29.0,1500.0,2155.96
12539.0,M,Chicago,13.0,3500.0,2087.49
12540.0,F,Chicago,25.0,4000.0,3897.2
12551.0,M,Chicago,41.0,1500.0,1478.19
12553.0,F,Chicago,8.0,3000.0,2223.08
12557.0,M,New York,50.0,3500.0,3352.38
12559.0,F,California,25.0,3500.0,2839.32
12567.0,F,Washington DC,23.0,4500.0,3112.73
12574.0,F,California,48.0,4000.0,2716.48
12577.0,F,New Jersey,10.0,3000.0,2321.52
12578.0,F,Chicago,8.0,3000.0,2223.08
12583.0,M,Chicago,33.0,4500.0,2424.5
12585.0,F,New Jersey,4.0,2500.0,2064.34
12586.0,M,California,3.0,4000.0,642.34
12591.0,F,California,25.0,2000.0,2437.58
12594.0,F,California,13.0,3000.0,1478.16
12600.0,M,New York,39.0,4000.0,3577.45
12601.0,F,California,10.0,3500.0,3352.38
12605.0,F,New York,37.0,4000.0,1754.92
12609.0,F,Chicago,3.0,3500.0,3271.55
12621.0,M,California,44.0,3000.0,1631.25
12625.0,M,New Jersey,26.0,4000.0,3116.98
12626.0,F,California,30.0,3500.0,2643.34
12637.0,F,California,13.0,3500.0,2019.94
12643.0,M,New York,48.0,3500.0,1696.64
12645.0,F,New Jersey,50.0,3500.0,2431.73
12647.0,M,New York,28.0,3500.0,2940.1
12649.0,M,Chicago,33.0,4000.0,1476.58
12651.0,M,New York,44.0,3000.0,2285.79
12652.0,M,New York,21.0,2500.0,2168.34
12662.0,M,Chicago,21.0,5000.0,3287.83
12664.0,M,Chicago,14.0,3000.0,899.05
12665.0,F,Chicago,10.0,2500.0,1172.96
12666.0,M,California,13.0,3500.0,2940.1
12668.0,F,California,32.0,3000.0,1661.61
12672.0,F,California,43.0,3000.0,2223.08
12673.0,M,California,4.0,2500.0,1749.21
12676.0,F,California,38.0,4000.0,3897.2
12678.0,M,New York,27.0,2500.0,923.4
12681.0,M,Chicago,27.0,2000.0,2521.31
12682.0,F,Chicago,33.0,4000.0,3897.2
12683.0,M,Chicago,15.0,3000.0,2872.23
12686.0,M,Chicago,30.0,700.0,1380.14
12691.0,F,California,7.0,3500.0,3271.55
12693.0,F,Chicago,4.0,3500.0,2114.35
12705.0,F,New Jersey,45.0,1500.0,1709.84
12708.0,F,California,25.0,3000.0,2223.08
12709.0,M,Washington DC,36.0,2000.0,2639.99
12712.0,M,Chicago,37.0,4500.0,3112.73
12720.0,F,Chicago,20.0,3000.0,2819.58
12721.0,F,California,5.0,2000.0,2663.67
12724.0,M,California,19.0,2500.0,1528.1
12725.0,F,New Jersey,48.0,3000.0,2659.34
12726.0,M,Chicago,25.0,4000.0,2964.3
12727.0,M,Chicago,6.0,3500.0,1450.93
12728.0,F,California,5.0,3500.0,2574.56
12731.0,F,California,28.0,3000.0,2819.58
12734.0,F,California,27.0,2500.0,2489.36
12735.0,M,Washington DC,5.0,2500.0,1893.03
12736.0,F,New York,3.0,3500.0,1692.8
12738.0,M,New York,42.0,700.0,981.86
12744.0,M,New York,16.0,3500.0,2330.24
12747.0,F,Chicago,9.0,3000.0,2697.6
12748.0,F,Chicago,28.0,3500.0,3549.13
12753.0,F,New York,13.0,3000.0,1177.76
12754.0,F,California,11.0,4500.0,3112.73
12755.0,F,Chicago,37.0,3000.0,1631.25
12763.0,F,California,48.0,4000.0,1880.22
12764.0,F,Chicago,25.0,3500.0,2546.6
12766.0,F,Chicago,22.0,3000.0,2563.83
12775.0,M,California,21.0,3500.0,2671.9
12778.0,F,Chicago,42.0,3000.0,2358.1
12779.0,F,California,28.0,4000.0,3749.46
12782.0,F,Chicago,19.0,3500.0,3271.55
12785.0,F,New Jersey,36.0,3000.0,1799.66
12791.0,F,Washington DC,26.0,4500.0,1576.38
12793.0,F,Chicago,39.0,3000.0,2285.79
12797.0,M,California,34.0,3000.0,1631.25
12808.0,M,California,32.0,4000.0,642.34
12820.0,M,California,24.0,3000.0,1683.99
12826.0,M,California,33.0,3500.0,2087.49
12829.0,M,New Jersey,15.0,1500.0,2155.96
12836.0,M,Chicago,6.0,3500.0,2973.53
12838.0,F,California,31.0,4500.0,4055.3
12839.0,F,California,45.0,1500.0,2652.13
12841.0,F,California,19.0,3000.0,3784.07
12842.0,F,New Jersey,27.0,4500.0,2199.69
12853.0,M,New York,11.0,4000.0,2964.3
12854.0,M,New York,42.0,2500.0,2848.39
12855.0,F,New York,33.0,3000.0,417.73
12865.0,M,New Jersey,34.0,3500.0,3202.1
12867.0,M,Chicago,32.0,500.0,1622.46
12868.0,F,California,8.0,4000.0,3390.82
12870.0,F,California,28.0,2500.0,2307.25
12872.0,M,New Jersey,20.0,2500.0,2504.83
12875.0,F,New Jersey,24.0,3000.0,2100.89
12877.0,F,New Jersey,23.0,3000.0,1919.84
12908.0,M,Washington DC,32.0,3000.0,4556.93
12913.0,F,New York,21.0,2000.0,659.57
12915.0,F,Washington DC,3.0,1000.0,1049.73
12916.0,F,New York,2.0,3000.0,2230.76
12921.0,M,New York,49.0,2000.0,2639.99
12924.0,M,California,45.0,2500.0,1201.09
12928.0,F,Chicago,21.0,3000.0,1428.32
12929.0,F,Chicago,26.0,3500.0,1957.58
12931.0,F,New York,44.0,1500.0,2652.13
12935.0,F,New York,23.0,2500.0,1218.6
12939.0,F,Chicago,19.0,3000.0,1486.8
12942.0,F,New Jersey,4.0,3000.0,804.85
12944.0,F,California,43.0,2000.0,2663.67
12947.0,M,California,48.0,3500.0,3271.55
12951.0,F,New York,18.0,3500.0,2839.32
12956.0,F,Chicago,48.0,4000.0,2058.75
12957.0,F,Chicago,44.0,2000.0,1331.1
12963.0,M,New York,9.0,3000.0,2143.39
12967.0,F,New York,34.0,3500.0,2283.08
12970.0,F,California,2.0,3000.0,2411.39
12971.0,F,Washington DC,43.0,3500.0,3271.55
12980.0,M,California,23.0,2500.0,2064.34
12989.0,F,California,5.0,3500.0,3549.13
12990.0,F,California,47.0,4000.0,3434.31
12997.0,F,California,45.0,2000.0,2294.09
13000.0,M,New Jersey,32.0,3500.0,1650.62
13001.0,F,Chicago,45.0,3500.0,3271.55
13002.0,F,Washington DC,44.0,3500.0,3271.55
13004.0,F,California,37.0,3500.0,2431.73
13008.0,F,Chicago,48.0,3000.0,1394.83
13011.0,F,New York,18.0,700.0,981.86
13013.0,M,Chicago,13.0,700.0,2091.61
13021.0,M,Chicago,29.0,4000.0,1476.58
13027.0,F,New York,15.0,2000.0,2249.45
13029.0,F,New York,35.0,2500.0,923.4
13030.0,M,California,39.0,2000.0,1684.18
13033.0,M,California,50.0,1500.0,649.14
13034.0,F,Chicago,40.0,4000.0,1817.18
13047.0,M,California,43.0,4500.0,2424.5
13048.0,M,Chicago,45.0,2500.0,1292.58
13049.0,M,New York,3.0,3500.0,3271.55
13050.0,F,Chicago,10.0,4000.0,3396.87
13064.0,M,New Jersey,15.0,2500.0,1292.58
13065.0,F,Chicago,32.0,3000.0,3727.61
13068.0,F,California,47.0,3500.0,1450.93
13069.0,F,New York,38.0,4000.0,3396.87
13077.0,F,New York,45.0,2500.0,2719.46
13078.0,F,California,28.0,2000.0,2639.99
13081.0,F,New York,5.0,3000.0,2659.34
13082.0,M,Chicago,45.0,2500.0,850.14
13089.0,F,New Jersey,25.0,3500.0,3271.55
13090.0,M,New Jersey,4.0,3000.0,3727.61
13092.0,F,Washington DC,2.0,3500.0,1694.16
13093.0,M,California,35.0,4000.0,2904.23
13094.0,M,Washington DC,10.0,2000.0,1163.11
13097.0,M,California,33.0,2500.0,1627.19
13098.0,F,California,5.0,2000.0,2294.09
13102.0,F,New York,10.0,4000.0,3749.46
13104.0,F,New York,20.0,2000.0,2663.67
13107.0,F,California,20.0,3500.0,1984.92
13108.0,F,Chicago,45.0,3000.0,1312.5
13110.0,F,New York,36.0,4000.0,3897.2
13113.0,M,New Jersey,44.0,4000.0,3749.46
13115.0,F,Chicago,26.0,2500.0,2719.46
13117.0,M,New Jersey,30.0,2500.0,1783.56
13124.0,M,New York,4.0,3500.0,2940.1
13126.0,F,Washington DC,37.0,2000.0,3444.24
13136.0,F,California,48.0,4000.0,1754.92
13137.0,M,California,37.0,4500.0,2309.46
13138.0,F,California,21.0,1000.0,1124.95
13140.0,M,New York,34.0,2500.0,2719.46
13141.0,F,Chicago,25.0,4000.0,3897.2
13144.0,M,California,38.0,3500.0,3352.38
13145.0,F,California,4.0,700.0,981.86
13148.0,M,New York,16.0,2500.0,3875.08
13155.0,F,California,8.0,2500.0,1768.28
13158.0,F,New York,47.0,2500.0,1150.51
13161.0,F,Chicago,4.0,2500.0,3875.08
13162.0,F,New York,14.0,3000.0,1946.56
13165.0,F,Chicago,31.0,2500.0,2064.34
13168.0,F,Chicago,24.0,3500.0,2374.99
13173.0,F,California,8.0,2000.0,1736.63
13174.0,M,Chicago,25.0,4000.0,2400.95
13178.0,F,California,9.0,1000.0,2565.75
13183.0,F,New York,42.0,3000.0,1946.56
13187.0,F,Chicago,50.0,1500.0,641.12
13198.0,M,California,50.0,3500.0,2330.24
13199.0,M,California,47.0,4000.0,3100.42
13208.0,F,Chicago,4.0,4500.0,2876.39
13209.0,F,California,18.0,3000.0,2113.63
13211.0,F,Chicago,33.0,1000.0,882.98
13221.0,F,New York,35.0,3500.0,1694.16
13225.0,F,New York,50.0,3000.0,2113.63
13230.0,M,California,30.0,4000.0,3078.84
13233.0,M,Chicago,30.0,1500.0,2016.04
13238.0,M,California,19.0,500.0,1010.3
13240.0,F,California,24.0,3000.0,1747.0
13246.0,F,California,25.0,3000.0,2178.57
13253.0,M,Chicago,38.0,2000.0,3444.24
13255.0,M,California,15.0,4500.0,4055.3
13263.0,M,New Jersey,16.0,2500.0,2297.87
13266.0,F,Washington DC,12.0,3000.0,2321.52
13267.0,M,California,46.0,2500.0,2719.46
13269.0,F,California,41.0,2500.0,2805.79
13270.0,M,Chicago,7.0,2500.0,2719.46
13280.0,F,California,43.0,4000.0,855.19
13284.0,F,Chicago,14.0,2500.0,1941.38
13295.0,F,New York,33.0,3500.0,3202.1
13304.0,M,California,12.0,2500.0,1616.22
13305.0,F,Chicago,38.0,3000.0,2073.51
13309.0,M,Chicago,14.0,4500.0,2199.69
13310.0,M,New Jersey,15.0,2500.0,2908.1
13313.0,M,California,42.0,2000.0,1163.11
13317.0,F,Chicago,17.0,3000.0,1084.43
13319.0,F,Chicago,27.0,2000.0,2553.01
13324.0,F,Chicago,24.0,3000.0,2819.58
13327.0,F,Chicago,14.0,4000.0,1754.92
13328.0,M,Chicago,18.0,4000.0,2400.95
13329.0,M,Chicago,2.0,2000.0,2639.99
13330.0,F,New York,47.0,4000.0,2964.3
13368.0,M,California,43.0,2500.0,2425.35
13369.0,F,New York,24.0,2000.0,2553.01
13370.0,M,Washington DC,41.0,2500.0,2200.69
13385.0,F,Chicago,26.0,3000.0,2223.08
13394.0,M,Washington DC,6.0,4000.0,3116.98
13396.0,M,Chicago,25.0,3000.0,2819.58
13397.0,M,California,40.0,2000.0,2408.61
13402.0,M,Chicago,42.0,700.0,981.86
13405.0,F,New York,7.0,3500.0,3271.55
13408.0,M,Chicago,30.0,3000.0,4556.93
13418.0,F,New York,22.0,3500.0,3107.11
13426.0,M,Chicago,38.0,1500.0,2155.96
13448.0,F,California,41.0,4500.0,1576.38
13451.0,M,California,12.0,3000.0,2563.83
13455.0,F,New York,38.0,2500.0,2342.68
13458.0,F,California,33.0,2500.0,2489.36
13468.0,M,New York,33.0,3500.0,3352.38
13473.0,F,New York,5.0,3000.0,2178.57
13481.0,M,Chicago,6.0,2000.0,2435.12
13487.0,M,Washington DC,6.0,2500.0,923.4
13488.0,F,California,22.0,4500.0,2876.39
13491.0,F,Chicago,16.0,3500.0,3352.38
13494.0,M,California,33.0,3500.0,1957.58
13495.0,M,New York,25.0,3500.0,3202.1
13496.0,F,New York,21.0,3500.0,1473.98
13497.0,F,New York,22.0,2500.0,1827.02
13502.0,F,California,32.0,3000.0,767.58
13506.0,M,New Jersey,30.0,3000.0,3784.07
13520.0,F,Chicago,19.0,2500.0,1895.73
13523.0,F,Chicago,13.0,2500.0,2307.25
13527.0,F,California,44.0,2500.0,1362.1
13531.0,F,New Jersey,48.0,2500.0,2719.46
13534.0,F,California,20.0,1500.0,2155.96
13538.0,M,New York,32.0,4000.0,2964.3
13539.0,M,New York,24.0,4500.0,2829.71
13551.0,F,Chicago,46.0,2500.0,1218.6
13552.0,F,New York,50.0,4000.0,2964.3
13564.0,M,California,26.0,2500.0,1128.09
13565.0,F,New Jersey,8.0,3000.0,2563.83
13569.0,M,Chicago,14.0,2000.0,2365.81
13576.0,M,New York,23.0,3000.0,3727.61
13579.0,F,New York,49.0,4000.0,1258.6
13581.0,F,California,47.0,4500.0,2829.71
13584.0,M,Chicago,35.0,4000.0,3246.84
13593.0,M,California,28.0,3000.0,1946.56
13599.0,F,California,46.0,2000.0,2639.99
13600.0,F,California,13.0,3000.0,1907.19
13606.0,F,California,28.0,3500.0,1957.58
13611.0,F,New York,5.0,500.0,1230.43
13614.0,M,Chicago,20.0,3000.0,2178.57
13615.0,F,California,11.0,3000.0,2819.58
13627.0,F,Chicago,49.0,1500.0,956.13
13629.0,F,New York,22.0,4000.0,3897.2
13634.0,M,Chicago,21.0,2500.0,1292.58
13649.0,F,California,34.0,2500.0,2719.46
13652.0,F,Washington DC,35.0,4000.0,642.34
13656.0,M,Chicago,44.0,1500.0,985.28
13659.0,F,Chicago,8.0,3000.0,2230.76
13668.0,F,Chicago,15.0,4500.0,2829.71
13672.0,F,New Jersey,45.0,3500.0,2574.56
13680.0,M,Washington DC,34.0,2000.0,2408.61
13693.0,M,Chicago,3.0,2500.0,2297.87
13694.0,F,California,44.0,4500.0,4055.3
13700.0,M,Chicago,42.0,2500.0,1292.58
13703.0,F,Chicago,18.0,3500.0,1153.81
13705.0,F,Chicago,39.0,4500.0,1576.38
13707.0,F,Chicago,28.0,2500.0,1893.03
13709.0,F,New York,22.0,2500.0,484.9
13715.0,M,California,23.0,3000.0,2697.6
13725.0,F,Chicago,48.0,4500.0,2309.46
13728.0,F,New York,2.0,4000.0,2904.23
13742.0,F,California,6.0,3500.0,3705.5
13747.0,F,Chicago,21.0,4500.0,1576.38
13748.0,F,California,30.0,4500.0,2424.5
13750.0,M,New York,20.0,1500.0,2155.96
13754.0,M,New York,7.0,2000.0,2294.09
13756.0,F,California,6.0,2000.0,1542.81
13758.0,M,Washington DC,46.0,4500.0,4055.3
13764.0,M,New York,14.0,2500.0,1353.73
13767.0,F,Chicago,29.0,3500.0,2548.51
13769.0,F,New York,20.0,2000.0,2523.41
13777.0,F,California,7.0,4000.0,3100.42
13782.0,M,New Jersey,17.0,2500.0,1201.09
13784.0,M,New York,30.0,3000.0,2819.58
13786.0,M,Chicago,21.0,2000.0,1736.63
13787.0,F,New Jersey,35.0,3000.0,1108.88
13798.0,M,California,37.0,1500.0,2155.96
13800.0,F,California,27.0,4500.0,663.46
13802.0,F,New Jersey,40.0,3500.0,1957.58
13807.0,F,Chicago,33.0,2000.0,1672.79
13815.0,F,California,33.0,2500.0,2848.39
13817.0,M,California,14.0,2500.0,2064.34
13819.0,F,California,7.0,3500.0,2839.32
13824.0,M,Chicago,42.0,4000.0,3100.42
13829.0,F,New York,38.0,3000.0,2321.52
13831.0,F,California,35.0,3000.0,3784.07
13837.0,F,California,5.0,2000.0,780.15
13838.0,F,California,5.0,3000.0,2864.69
13842.0,F,New York,5.0,4500.0,2829.71
13846.0,F,New Jersey,4.0,500.0,1622.46
13848.0,M,New York,35.0,2500.0,2719.46
13854.0,F,Chicago,44.0,4000.0,3897.2
13859.0,M,New York,45.0,3000.0,1408.06
13862.0,M,California,32.0,2500.0,1528.1
13869.0,F,New Jersey,6.0,3000.0,2819.58
13871.0,F,New York,17.0,4500.0,2876.39
13873.0,M,Chicago,24.0,4000.0,3577.45
13874.0,F,California,39.0,3500.0,2217.07
13880.0,F,New York,40.0,2000.0,1736.63
13881.0,F,Chicago,22.0,3500.0,909.19
13883.0,M,California,36.0,3000.0,1408.06
13890.0,F,New York,31.0,2000.0,2294.09
13894.0,F,New York,16.0,4000.0,3100.42
13898.0,F,New Jersey,23.0,3000.0,2546.67
13901.0,F,California,10.0,2500.0,1150.51
13911.0,M,Chicago,30.0,4000.0,3396.87
13922.0,F,New Jersey,11.0,2500.0,2064.34
13929.0,F,Washington DC,21.0,3000.0,1511.94
13939.0,M,Chicago,36.0,4000.0,2904.23
13941.0,F,New York,38.0,3000.0,2659.34
13948.0,F,Chicago,9.0,1000.0,979.08
13953.0,F,Chicago,16.0,2500.0,2489.36
13958.0,F,New Jersey,22.0,700.0,836.13
13959.0,M,California,38.0,3000.0,1942.13
13963.0,F,Chicago,40.0,4000.0,1881.66
13969.0,F,New York,15.0,4000.0,3078.84
13982.0,F,Chicago,13.0,4000.0,2526.49
13983.0,M,California,30.0,3000.0,1117.36
13984.0,F,New York,34.0,2500.0,2297.87
13993.0,M,Chicago,49.0,3000.0,2117.28
13999.0,F,Chicago,48.0,3000.0,2697.6
14001.0,F,New York,10.0,5000.0,3287.83
14006.0,F,New Jersey,3.0,3000.0,1907.19
14016.0,M,California,41.0,1500.0,649.14
14030.0,F,California,5.0,3000.0,2143.39
14031.0,F,Chicago,17.0,4000.0,3078.84
14032.0,M,New York,50.0,1500.0,2652.13
14037.0,M,California,24.0,3500.0,2056.17
14040.0,F,New York,10.0,2500.0,2168.34
14044.0,M,California,49.0,4000.0,3116.98
14045.0,F,California,14.0,4500.0,2928.55
14047.0,F,California,10.0,4000.0,1754.92
14049.0,M,Chicago,45.0,3500.0,1691.02
14051.0,M,Chicago,6.0,2500.0,1748.14
14057.0,M,New York,39.0,1000.0,2565.75
14060.0,F,Chicago,22.0,2000.0,4019.93
14062.0,F,California,18.0,2000.0,2553.01
14068.0,M,California,32.0,3500.0,1450.93
14078.0,F,New York,7.0,5000.0,3287.83
14081.0,F,California,49.0,4000.0,1258.6
14082.0,F,New York,31.0,3500.0,620.94
14083.0,M,Chicago,41.0,700.0,2091.61
14085.0,F,New York,5.0,3000.0,3713.1
14088.0,M,Washington DC,39.0,3000.0,2015.98
14090.0,F,California,32.0,2500.0,1497.56
14092.0,F,Chicago,41.0,2500.0,2489.36
14099.0,M,New York,32.0,2000.0,2663.67
14101.0,M,California,25.0,3000.0,1683.99
14107.0,M,Chicago,11.0,2000.0,2249.45
14113.0,M,Chicago,23.0,3500.0,2973.53
14114.0,M,California,18.0,3000.0,2117.28
14119.0,M,California,8.0,2000.0,2553.01
14127.0,F,Chicago,17.0,4000.0,2904.23
14130.0,F,New York,50.0,2500.0,1783.56
14133.0,F,Chicago,32.0,4000.0,2964.3
14135.0,F,Chicago,21.0,3500.0,3352.38
14142.0,F,Chicago,21.0,3000.0,1734.68
14146.0,M,California,29.0,4000.0,2716.48
14150.0,M,Chicago,48.0,500.0,1230.43
14156.0,F,California,5.0,2500.0,2006.42
14159.0,F,California,13.0,3000.0,2407.55
14161.0,F,Chicago,41.0,3500.0,2548.51
14167.0,M,California,29.0,2500.0,1941.38
14175.0,M,California,37.0,3000.0,2015.98
14176.0,F,New York,13.0,2500.0,1749.21
14180.0,F,California,11.0,4000.0,3116.98
14185.0,F,California,19.0,2500.0,2168.34
14188.0,F,California,50.0,4000.0,3100.42
14189.0,F,New York,7.0,3500.0,2374.99
14194.0,M,Chicago,19.0,4000.0,3396.87
14201.0,F,California,12.0,3500.0,1598.46
14205.0,M,Chicago,26.0,4000.0,2526.49
14206.0,F,Chicago,24.0,1000.0,979.08
14209.0,F,California,29.0,3500.0,2574.56
14210.0,F,New York,18.0,2000.0,2408.61
14213.0,F,California,25.0,700.0,1380.14
14215.0,F,New York,29.0,3000.0,2178.57
14217.0,F,New York,10.0,3500.0,3352.38
14220.0,F,California,19.0,3500.0,2217.07
14221.0,F,New York,39.0,2000.0,3444.24
14224.0,F,Chicago,3.0,3500.0,3705.5
14229.0,M,Chicago,29.0,3000.0,2178.57
14233.0,F,New Jersey,2.0,4000.0,1612.93
14236.0,F,Chicago,18.0,700.0,1380.14
14237.0,F,Chicago,39.0,5000.0,3287.83
14238.0,M,New York,21.0,3000.0,1117.36
14239.0,F,California,46.0,4000.0,3390.82
14242.0,F,Chicago,26.0,3000.0,1408.06
14243.0,M,New York,46.0,3000.0,2143.39
14248.0,M,Chicago,34.0,3500.0,3271.55
14256.0,F,Chicago,7.0,3500.0,2056.17
14257.0,F,Chicago,38.0,2500.0,1631.19
14258.0,F,California,31.0,2500.0,1151.7
14264.0,M,Chicago,16.0,700.0,981.86
14270.0,M,New York,6.0,2500.0,1172.96
14282.0,F,New Jersey,37.0,2000.0,2365.81
14290.0,F,New York,17.0,4000.0,3390.82
14292.0,M,New Jersey,22.0,3000.0,1408.06
14293.0,F,California,18.0,4000.0,642.34
14295.0,F,Chicago,7.0,3500.0,1696.64
14298.0,M,Chicago,41.0,3000.0,4556.93
14299.0,F,Washington DC,18.0,3500.0,3352.38
14307.0,F,California,28.0,4500.0,2928.55
14309.0,F,New Jersey,49.0,4000.0,3577.45
14312.0,M,Chicago,27.0,4000.0,2904.23
14320.0,F,Chicago,29.0,3500.0,3352.38
14321.0,F,Washington DC,24.0,3500.0,1984.92
14329.0,F,California,22.0,3000.0,2424.97
14334.0,M,California,41.0,3500.0,1473.98
14341.0,F,Chicago,3.0,3500.0,2374.99
14344.0,F,New York,15.0,3500.0,2217.07
14355.0,F,New York,7.0,3000.0,2872.23
14368.0,F,New York,4.0,3500.0,2839.32
14373.0,F,Chicago,40.0,3500.0,1019.59
14388.0,F,California,6.0,3000.0,1740.91
14389.0,M,Washington DC,38.0,3500.0,1153.81
14390.0,M,Chicago,37.0,3000.0,2073.51
14395.0,M,New Jersey,4.0,3000.0,2563.83
14396.0,M,New Jersey,9.0,3000.0,1973.27
14401.0,F,California,20.0,500.0,1622.46
14404.0,M,Chicago,32.0,2500.0,1292.58
14409.0,M,New York,15.0,2000.0,2435.12
14410.0,F,New York,45.0,4000.0,2058.75
14411.0,F,New York,17.0,4000.0,1612.93
14413.0,F,Chicago,34.0,3000.0,1771.32
14414.0,F,New Jersey,7.0,3000.0,1749.49
14415.0,M,New Jersey,47.0,2500.0,2297.87
14419.0,M,New York,20.0,3500.0,1650.62
14426.0,F,California,13.0,3000.0,2819.58
14428.0,F,Chicago,23.0,2500.0,2297.87
14437.0,F,New York,3.0,3000.0,804.85
14438.0,F,New York,41.0,4000.0,2058.75
14439.0,F,New York,48.0,3500.0,1353.34
14440.0,F,New Jersey,10.0,3500.0,2546.6
14441.0,M,New Jersey,19.0,3000.0,2015.98
14442.0,F,California,44.0,2000.0,2478.79
14443.0,F,New Jersey,41.0,4000.0,3434.31
14448.0,F,California,42.0,3000.0,732.47
14449.0,M,New Jersey,39.0,1000.0,1124.95
14450.0,F,New York,29.0,3000.0,2230.76
14457.0,F,New Jersey,4.0,4000.0,1612.93
14460.0,F,California,38.0,4000.0,2904.23
14462.0,F,Chicago,42.0,2000.0,1331.1
14466.0,F,Chicago,18.0,4500.0,3112.73
14467.0,F,Chicago,34.0,3000.0,4556.93
14472.0,F,Washington DC,10.0,1500.0,1932.64
14479.0,F,California,17.0,3000.0,1747.0
14487.0,F,Chicago,41.0,2000.0,1498.01
14491.0,F,California,6.0,3000.0,2073.51
14496.0,F,California,47.0,5000.0,2449.65
14497.0,M,California,42.0,4500.0,2829.71
14498.0,F,Chicago,25.0,2500.0,2151.7
14501.0,F,Chicago,20.0,3500.0,2839.32
14502.0,M,Chicago,22.0,3000.0,2819.58
14505.0,F,California,8.0,1500.0,2688.98
14506.0,F,California,34.0,4000.0,4349.02
14514.0,F,Chicago,29.0,2500.0,1941.38
14524.0,F,New York,15.0,1000.0,1196.03
14525.0,F,New Jersey,48.0,3000.0,1683.99
14527.0,M,California,43.0,3000.0,4556.93
14532.0,F,Chicago,44.0,2500.0,2489.36
14533.0,F,Chicago,30.0,2500.0,2489.36
14534.0,M,California,14.0,2500.0,2827.25
14540.0,F,New Jersey,12.0,4500.0,2829.71
14541.0,F,California,24.0,2500.0,1218.6
14543.0,M,Chicago,11.0,2500.0,2827.25
14544.0,M,California,6.0,2500.0,682.42
14548.0,F,California,48.0,3500.0,3271.55
14549.0,F,Chicago,22.0,3500.0,2671.9
14553.0,F,California,25.0,2000.0,3444.24
14560.0,M,Chicago,40.0,4500.0,3112.73
14565.0,F,California,39.0,2500.0,1605.63
14572.0,F,California,43.0,3000.0,767.58
14573.0,M,California,40.0,700.0,1380.14
14576.0,F,Chicago,26.0,700.0,981.86
14577.0,M,California,36.0,3000.0,2407.55
14587.0,F,Chicago,30.0,3500.0,3396.14
14589.0,F,New York,48.0,700.0,770.87
14594.0,M,California,5.0,5000.0,1757.58
14595.0,F,New York,33.0,2500.0,2972.6
14600.0,F,California,7.0,4000.0,2058.75
14606.0,F,Chicago,33.0,4000.0,4349.02
14608.0,F,California,48.0,3000.0,1801.66
14616.0,F,New York,33.0,2000.0,1251.87
14618.0,M,Chicago,13.0,2500.0,2719.46
14621.0,F,New Jersey,41.0,3000.0,2009.36
14625.0,F,Chicago,14.0,2500.0,2331.31
14627.0,F,Chicago,46.0,3500.0,2973.53
14639.0,M,Chicago,46.0,2500.0,3052.49
14643.0,F,Washington DC,4.0,3500.0,2217.07
14646.0,M,California,45.0,2500.0,2489.36
14653.0,M,California,2.0,2500.0,1760.92
14657.0,M,Chicago,2.0,3000.0,1079.34
14659.0,F,New York,42.0,2500.0,1915.27
14662.0,M,California,36.0,4000.0,737.08
14665.0,F,Chicago,4.0,4000.0,1612.93
14667.0,F,California,30.0,3500.0,3549.13
14669.0,F,New York,39.0,3500.0,2574.56
14672.0,M,New York,8.0,3000.0,1143.02
14673.0,M,New York,9.0,2000.0,2365.81
14679.0,M,California,26.0,700.0,1380.14
14680.0,F,California,37.0,2500.0,2848.39
14684.0,F,Chicago,4.0,3000.0,869.25
14688.0,F,New York,46.0,3000.0,4556.93
14692.0,F,California,16.0,3000.0,2411.39
14696.0,M,New York,48.0,3000.0,2546.67
14701.0,M,Chicago,43.0,3500.0,2926.69
14702.0,F,New York,50.0,4000.0,3078.84
14708.0,F,Chicago,16.0,2500.0,2335.35
14709.0,M,New York,45.0,3500.0,2926.69
14713.0,F,Chicago,42.0,4000.0,3078.84
14715.0,F,New Jersey,2.0,2500.0,2168.34
14723.0,M,Chicago,4.0,3500.0,2283.08
14729.0,M,Washington DC,43.0,4500.0,2579.52
14732.0,F,New York,33.0,2000.0,2408.61
14733.0,M,New York,30.0,2000.0,2553.01
14735.0,M,Chicago,46.0,4000.0,3434.31
14737.0,F,New Jersey,21.0,2500.0,923.4
14738.0,M,Chicago,13.0,3500.0,2643.34
14739.0,F,New York,27.0,2000.0,2521.31
14741.0,M,California,32.0,2500.0,2151.7
14744.0,F,California,31.0,3500.0,2839.32
14748.0,F,Chicago,31.0,2500.0,1901.56
14755.0,F,New Jersey,50.0,3000.0,1662.28
14761.0,F,California,17.0,3000.0,2285.79
14766.0,M,New York,24.0,2500.0,2719.46
14769.0,F,Chicago,26.0,2500.0,1497.56
14770.0,M,New York,39.0,3000.0,3713.1
14775.0,F,Chicago,25.0,700.0,836.13
14776.0,F,New York,42.0,3000.0,4556.93
14777.0,M,Chicago,40.0,3500.0,1019.59
14778.0,M,Chicago,26.0,4500.0,3112.73
14779.0,M,Chicago,17.0,3000.0,2015.98
14782.0,M,California,12.0,3500.0,1353.34
14784.0,F,New Jersey,25.0,3000.0,767.58
14794.0,F,New York,31.0,3000.0,1890.41
14796.0,F,Chicago,3.0,3500.0,2839.32
14798.0,F,California,37.0,4000.0,3434.31
14800.0,M,Chicago,21.0,3000.0,2406.31
14805.0,M,New York,20.0,2500.0,2071.31
14810.0,M,California,21.0,4000.0,3246.84
14813.0,F,New York,32.0,3000.0,1738.89
14821.0,M,Chicago,41.0,2000.0,2639.99
14825.0,F,California,34.0,2500.0,1918.53
14828.0,F,New York,25.0,1500.0,2155.96
14829.0,M,California,15.0,3000.0,2321.52
14841.0,F,California,50.0,3000.0,1084.43
14842.0,F,New Jersey,14.0,4000.0,3396.87
14849.0,F,New Jersey,45.0,4500.0,4055.3
14850.0,F,California,21.0,3500.0,1957.58
14865.0,F,New Jersey,8.0,700.0,981.86
14866.0,F,Chicago,43.0,2500.0,2719.46
14867.0,F,Chicago,50.0,3000.0,1946.56
14871.0,M,California,27.0,1000.0,2565.75
14878.0,M,New York,12.0,3000.0,1919.84
14889.0,M,Chicago,6.0,3000.0,1143.02
14895.0,M,California,42.0,3000.0,1478.16
14896.0,F,Washington DC,40.0,3000.0,2872.23
14898.0,F,California,25.0,3000.0,2321.52
14901.0,F,Chicago,4.0,3000.0,2753.56
14907.0,M,Chicago,46.0,2000.0,1542.81
14911.0,F,California,34.0,4500.0,3112.73
14913.0,M,Washington DC,4.0,3500.0,2940.1
14916.0,F,Chicago,42.0,3000.0,1310.85
14932.0,M,New Jersey,35.0,3000.0,2872.23
14944.0,F,California,18.0,2500.0,2489.36
14952.0,F,New York,28.0,3500.0,3549.13
14961.0,M,Washington DC,34.0,1000.0,670.51
14970.0,F,New York,46.0,3500.0,2926.69
14976.0,M,New Jersey,17.0,2500.0,1362.1
14978.0,M,Chicago,36.0,3000.0,2178.57
14985.0,F,New York,4.0,3500.0,2283.08
14987.0,F,California,3.0,3000.0,2872.23
15002.0,M,Chicago,41.0,2000.0,2523.41
15005.0,F,New York,30.0,4000.0,3100.42
15012.0,F,California,42.0,5000.0,3287.83
15018.0,F,California,22.0,2000.0,1542.81
15021.0,F,Chicago,35.0,2000.0,1330.54
15023.0,F,Chicago,40.0,2500.0,2787.02
15024.0,F,New York,9.0,2000.0,2639.99
15028.0,F,California,8.0,2500.0,1294.22
15032.0,F,California,4.0,2500.0,2342.68
15033.0,M,Chicago,10.0,3000.0,2424.97
15034.0,M,New York,2.0,2500.0,1169.05
15038.0,F,California,37.0,3000.0,2864.69
15039.0,F,Chicago,19.0,3500.0,2973.53
15044.0,F,California,31.0,2500.0,2489.36
15046.0,F,New Jersey,4.0,4000.0,2904.23
15048.0,M,California,17.0,2500.0,2335.35
15052.0,F,Chicago,33.0,2500.0,1783.56
15057.0,M,Chicago,12.0,4000.0,2716.48
15058.0,M,New Jersey,8.0,3500.0,2011.57
15059.0,F,Chicago,20.0,3000.0,2230.76
15061.0,M,California,7.0,3500.0,3271.55
15062.0,F,California,22.0,3000.0,1428.32
15070.0,F,Washington DC,39.0,3000.0,2753.56
15078.0,F,New York,6.0,2000.0,2663.67
15079.0,F,California,45.0,2500.0,1893.03
15081.0,M,Chicago,24.0,2000.0,1672.79
15090.0,F,Chicago,17.0,4000.0,1881.66
15093.0,M,California,46.0,2500.0,1760.92
15100.0,M,California,49.0,3500.0,2617.14
15101.0,F,New York,40.0,3500.0,1694.16
15107.0,F,New York,20.0,3000.0,2563.83
15110.0,F,New Jersey,8.0,2500.0,2827.25
15111.0,M,New Jersey,9.0,3000.0,2073.51
15139.0,M,New Jersey,16.0,1500.0,2493.64
15144.0,F,Chicago,35.0,3000.0,4556.93
15157.0,F,New Jersey,43.0,3500.0,2289.42
15159.0,F,Chicago,29.0,4000.0,2825.78
15160.0,F,Chicago,30.0,1500.0,649.14
15164.0,M,New York,28.0,2000.0,2408.61
15165.0,F,New Jersey,36.0,5000.0,1757.58
15167.0,M,California,2.0,3000.0,2154.78
15171.0,F,New Jersey,48.0,2500.0,1941.38
15174.0,M,Chicago,34.0,3000.0,1478.16
15179.0,F,Chicago,19.0,2500.0,1317.89
15180.0,F,California,41.0,2000.0,1984.0
15181.0,F,New Jersey,20.0,4000.0,2168.04
15189.0,F,Washington DC,11.0,3000.0,4556.93
15192.0,F,Chicago,37.0,4000.0,1754.92
15194.0,M,Chicago,33.0,3000.0,2743.71
15197.0,F,Chicago,45.0,3500.0,2217.07
15199.0,F,New Jersey,41.0,4000.0,1881.66
15203.0,M,California,19.0,3500.0,3396.14
15204.0,M,New Jersey,29.0,1500.0,649.14
15208.0,M,Chicago,16.0,2500.0,923.4
15211.0,M,California,40.0,4000.0,1330.34
15213.0,M,Washington DC,41.0,3500.0,1900.77
15215.0,F,California,15.0,2000.0,2294.09
15218.0,M,New York,11.0,2500.0,2827.25
15221.0,F,California,7.0,2500.0,2342.68
15222.0,F,California,26.0,2500.0,1783.56
15224.0,F,Chicago,28.0,3500.0,2617.14
15226.0,F,Chicago,37.0,4000.0,2904.23
15227.0,M,Washington DC,42.0,2000.0,2294.09
15235.0,F,New Jersey,23.0,3000.0,3727.61
15240.0,M,New York,40.0,700.0,1380.14
15246.0,F,California,2.0,3000.0,1084.43
15260.0,F,Chicago,45.0,3000.0,2073.51
15262.0,F,California,40.0,3000.0,1660.74
15266.0,F,Chicago,22.0,2500.0,1760.92
15270.0,F,Chicago,36.0,4000.0,3100.42
15271.0,F,Chicago,37.0,4000.0,2526.49
15279.0,M,California,10.0,2000.0,2663.67
15281.0,F,California,36.0,3500.0,1692.8
15288.0,M,California,50.0,4000.0,2526.49
15290.0,F,New York,3.0,3000.0,1428.32
15291.0,M,California,32.0,3000.0,2546.67
15296.0,M,California,40.0,3000.0,2441.62
15298.0,F,Chicago,2.0,2500.0,2307.25
15299.0,M,Chicago,25.0,700.0,836.13
15301.0,F,New Jersey,19.0,2500.0,2335.35
15304.0,M,California,12.0,2500.0,1827.02
15311.0,F,Chicago,40.0,4500.0,3480.36
15312.0,F,Chicago,47.0,2000.0,2663.67
15316.0,F,California,28.0,2500.0,1749.21
15326.0,M,Chicago,45.0,3500.0,1984.92
15329.0,F,California,48.0,4000.0,1754.92
15332.0,F,California,30.0,2500.0,2307.25
15339.0,F,Chicago,47.0,3500.0,1153.81
15346.0,F,California,15.0,3500.0,3352.38
15347.0,M,California,48.0,2500.0,2719.46
15350.0,M,California,48.0,5000.0,515.44
15351.0,F,Washington DC,29.0,3000.0,2864.69
15353.0,F,California,46.0,2000.0,1542.81
15356.0,F,California,32.0,2000.0,1684.18
15358.0,F,New Jersey,35.0,2000.0,2478.79
15361.0,M,New York,2.0,3000.0,2113.63
15363.0,M,New York,32.0,1000.0,1049.73
15365.0,M,Chicago,30.0,2500.0,1893.03
15366.0,M,California,37.0,3500.0,1019.59
15370.0,F,New York,38.0,3500.0,3352.38
15373.0,M,Washington DC,24.0,2000.0,3444.24
15379.0,F,California,10.0,3000.0,2743.71
15380.0,M,California,9.0,4000.0,1754.92
15384.0,M,California,30.0,3500.0,3202.1
15392.0,M,California,50.0,500.0,1622.46
15394.0,F,New Jersey,38.0,3000.0,2009.36
15395.0,M,Chicago,4.0,3000.0,2546.67
15415.0,M,Chicago,27.0,2500.0,3875.08
15421.0,F,California,49.0,4000.0,3100.42
15422.0,M,California,6.0,3000.0,1478.16
15426.0,F,Chicago,17.0,3500.0,2280.26
15443.0,M,Chicago,27.0,3500.0,1799.54
15447.0,F,California,34.0,3000.0,2117.28
15448.0,M,New York,24.0,3000.0,2819.58
15454.0,M,Chicago,39.0,3000.0,1942.13
15456.0,M,California,28.0,3000.0,1428.32
15460.0,F,New York,4.0,2500.0,1240.47
15464.0,F,Chicago,40.0,2500.0,1169.05
15465.0,F,Chicago,14.0,3000.0,2037.41
15468.0,F,Chicago,23.0,1000.0,1196.03
15482.0,F,New York,18.0,3000.0,1084.43
15485.0,M,New York,25.0,5000.0,3287.83
15497.0,F,New Jersey,2.0,3500.0,2839.32
15498.0,F,New York,14.0,3000.0,3713.1
15502.0,F,New York,27.0,2000.0,2435.12
15503.0,F,New York,45.0,3000.0,2406.31
15510.0,F,New Jersey,15.0,3000.0,2178.57
15512.0,F,California,42.0,3500.0,1126.87
15513.0,F,Chicago,21.0,3000.0,2178.57
15514.0,M,Chicago,22.0,1000.0,2565.75
15518.0,F,New Jersey,7.0,3500.0,2574.56
15525.0,M,New York,48.0,5000.0,3287.83
15527.0,F,New York,21.0,4000.0,2825.78
15529.0,M,California,16.0,2000.0,2177.75
15532.0,F,California,23.0,3500.0,1473.98
15535.0,F,Chicago,24.0,3500.0,2940.1
15544.0,M,Chicago,22.0,1000.0,1049.73
15545.0,F,California,39.0,3000.0,2037.41
15547.0,M,New York,40.0,4000.0,2825.78
15549.0,F,Chicago,5.0,4000.0,2400.95
15555.0,F,Chicago,34.0,4000.0,1817.18
15562.0,F,New York,26.0,2500.0,2064.34
15563.0,F,Chicago,41.0,3000.0,1749.49
15569.0,M,California,32.0,3500.0,2574.56
15570.0,F,New Jersey,34.0,3500.0,2768.28
15574.0,F,New York,5.0,3000.0,2009.36
15579.0,F,California,21.0,2500.0,2972.6
15581.0,F,California,18.0,2500.0,2307.25
15587.0,M,Chicago,6.0,2500.0,2064.34
15589.0,F,California,11.0,4000.0,1612.93
15596.0,F,California,39.0,3500.0,2087.49
15601.0,F,Chicago,46.0,2500.0,2827.25
15602.0,F,New Jersey,10.0,3000.0,2358.1
15605.0,F,California,21.0,5000.0,515.44
15606.0,F,Washington DC,15.0,2500.0,1895.73
15607.0,F,Chicago,40.0,1500.0,2493.64
15611.0,F,New York,4.0,3000.0,1486.8
15615.0,M,Washington DC,19.0,3000.0,2321.52
15620.0,M,Chicago,48.0,3500.0,2617.14
15626.0,F,New Jersey,8.0,3000.0,2223.08
15628.0,F,California,4.0,2000.0,2639.99
15640.0,F,California,30.0,3500.0,3352.38
15641.0,F,Chicago,6.0,3500.0,2940.1
15646.0,M,California,10.0,700.0,836.13
15649.0,M,California,22.0,1500.0,2688.98
15658.0,M,Chicago,24.0,4500.0,1658.91
15660.0,M,New Jersey,13.0,3000.0,804.85
15661.0,F,California,24.0,2000.0,1253.24
15664.0,M,New York,10.0,3000.0,2321.52
15673.0,M,New York,24.0,2500.0,2504.83
15680.0,M,California,32.0,2500.0,2307.25
15687.0,M,New York,20.0,3500.0,3396.14
15689.0,M,California,16.0,3000.0,2113.63
15694.0,F,New York,41.0,3000.0,3727.61
15696.0,M,Chicago,12.0,3500.0,2643.34
15708.0,F,Chicago,49.0,2500.0,2643.59
15713.0,M,California,3.0,2500.0,2719.46
15716.0,F,Chicago,2.0,3000.0,3784.07
15719.0,F,Chicago,16.0,2500.0,2425.35
15723.0,F,Washington DC,4.0,3500.0,1363.31
15727.0,F,Chicago,40.0,2500.0,1941.38
15732.0,F,Chicago,21.0,1000.0,1124.95
15738.0,M,New Jersey,16.0,4000.0,2526.49
15749.0,F,Chicago,44.0,3500.0,2574.56
15750.0,F,California,7.0,4000.0,1476.58
15752.0,F,New York,27.0,3000.0,417.73
15759.0,M,Washington DC,26.0,3500.0,1019.59
15769.0,F,Chicago,25.0,2000.0,2097.22
15777.0,F,Chicago,24.0,3500.0,1691.02
15780.0,M,California,19.0,1500.0,1478.19
15781.0,M,New Jersey,19.0,4000.0,2058.75
15789.0,F,Chicago,28.0,3500.0,2617.14
15797.0,F,California,27.0,2500.0,1783.56
15799.0,M,New Jersey,31.0,3000.0,2563.83
15805.0,M,Chicago,33.0,4000.0,1608.26
15808.0,F,California,6.0,2000.0,3444.24
15811.0,F,Chicago,27.0,4000.0,1754.92
15812.0,F,Chicago,32.0,2000.0,1564.09
15820.0,F,New Jersey,8.0,3500.0,2114.35
15822.0,F,Chicago,4.0,3500.0,1598.46
15823.0,M,New York,27.0,2500.0,2425.35
15827.0,F,Chicago,3.0,4000.0,3390.82
15831.0,F,California,39.0,2500.0,2908.1
15834.0,M,Chicago,12.0,700.0,836.13
15835.0,F,New York,46.0,2500.0,1094.77
15838.0,F,Chicago,9.0,4000.0,3897.2
15841.0,M,New York,6.0,2000.0,2097.22
15845.0,M,Chicago,22.0,1500.0,641.12
15854.0,M,New York,44.0,3500.0,2671.9
15856.0,M,Chicago,4.0,1500.0,2652.13
15858.0,F,California,18.0,2000.0,1736.63
15860.0,F,New York,46.0,2500.0,1827.02
15862.0,F,California,24.0,4500.0,1576.38
15864.0,F,California,17.0,3500.0,909.19
15867.0,M,New York,11.0,4000.0,4349.02
15880.0,F,New York,33.0,3500.0,2548.51
15881.0,M,New York,34.0,3000.0,2697.6
15882.0,F,New York,45.0,2000.0,1498.01
15885.0,F,California,39.0,4500.0,2829.71
15889.0,F,California,21.0,4000.0,1817.18
15894.0,M,Chicago,44.0,4000.0,1951.71
15898.0,M,Chicago,27.0,2000.0,2523.41
15899.0,F,Washington DC,24.0,4000.0,642.34
15910.0,F,California,8.0,3500.0,2087.49
15916.0,F,Chicago,37.0,2500.0,2342.68
15919.0,F,Washington DC,24.0,2500.0,1827.02
15922.0,M,Chicago,29.0,1000.0,1049.73
15923.0,F,Chicago,34.0,3000.0,640.93
15938.0,F,Chicago,34.0,3000.0,767.58
15939.0,F,California,11.0,3500.0,3396.14
15940.0,F,California,32.0,4000.0,3897.2
15945.0,F,New York,13.0,4000.0,2168.04
15950.0,M,Chicago,44.0,3500.0,1126.87
15953.0,M,New Jersey,23.0,4000.0,1880.22
15955.0,F,California,49.0,3000.0,2753.56
15965.0,F,Chicago,26.0,2000.0,2523.41
15967.0,F,New York,12.0,2500.0,2827.25
15971.0,F,Chicago,39.0,4000.0,3897.2
15973.0,M,Chicago,9.0,2000.0,3444.24
15981.0,F,California,13.0,3500.0,2671.9
15983.0,M,New York,25.0,4500.0,4055.3
15984.0,F,California,25.0,2000.0,2521.31
15987.0,F,California,32.0,4000.0,642.34
15996.0,F,Chicago,26.0,2500.0,2200.69
15998.0,F,New York,16.0,3000.0,1771.32
16003.0,F,California,10.0,3500.0,1694.16
16010.0,M,California,5.0,3000.0,2271.0
16011.0,M,New Jersey,10.0,3500.0,2481.51
16013.0,M,New York,31.0,700.0,2216.98
16016.0,M,California,19.0,2000.0,4019.93
16019.0,F,California,34.0,1500.0,2155.96
16029.0,F,Washington DC,40.0,4500.0,3480.36
16030.0,F,New York,50.0,4000.0,3116.98
16033.0,F,Chicago,48.0,2000.0,2521.31
16034.0,F,New York,26.0,3500.0,1696.64
16037.0,F,California,15.0,3000.0,1084.43
16042.0,F,Chicago,16.0,3500.0,2574.56
16043.0,F,California,19.0,3500.0,1691.02
16048.0,M,New Jersey,12.0,5000.0,2449.65
16059.0,M,Chicago,44.0,2000.0,1542.81
16062.0,F,New York,20.0,3500.0,2056.17
16065.0,F,New York,41.0,3000.0,1747.0
16081.0,M,New York,14.0,2000.0,1330.54
16083.0,M,California,21.0,1000.0,670.51
16085.0,M,California,15.0,3000.0,2230.76
16086.0,F,New York,47.0,2000.0,2523.41
16094.0,F,Chicago,16.0,1500.0,641.12
16098.0,M,Chicago,49.0,4500.0,3480.36
16109.0,F,New York,50.0,4000.0,3749.46
16110.0,M,Chicago,29.0,3500.0,2671.9
16112.0,F,Chicago,16.0,2000.0,2097.22
16122.0,M,California,43.0,3500.0,3352.38
16124.0,F,New York,34.0,2000.0,2437.58
16125.0,M,California,22.0,2000.0,1672.79
16133.0,F,New Jersey,22.0,3500.0,3271.55
16134.0,F,New York,5.0,3500.0,2940.1
16138.0,F,California,20.0,2000.0,2435.12
16140.0,F,California,34.0,3000.0,877.2
16143.0,F,California,9.0,2000.0,2249.45
16145.0,F,California,9.0,2000.0,2097.22
16150.0,F,Washington DC,34.0,700.0,1380.14
16153.0,M,Chicago,29.0,2000.0,2103.13
16156.0,F,New York,24.0,4000.0,2904.23
16161.0,M,New York,10.0,4000.0,3897.2
16163.0,F,Chicago,22.0,4000.0,1330.34
16168.0,M,Washington DC,24.0,3000.0,2007.32
16186.0,F,New York,18.0,1000.0,1124.95
16191.0,M,Chicago,19.0,1000.0,2752.13
16202.0,F,New York,44.0,1000.0,979.08
16203.0,M,California,9.0,3500.0,1696.64
16206.0,F,California,28.0,2500.0,1201.09
16210.0,M,New York,49.0,4500.0,3796.85
16218.0,M,Chicago,40.0,4500.0,2928.55
16221.0,F,California,9.0,2000.0,2365.81
16222.0,F,New York,45.0,3500.0,2374.99
16233.0,F,New York,23.0,3500.0,2617.14
16235.0,M,California,34.0,2500.0,1528.1
16241.0,M,New York,34.0,2000.0,3444.24
16244.0,F,New York,36.0,3000.0,2753.56
16250.0,F,California,30.0,4500.0,3480.36
16252.0,F,Chicago,37.0,3000.0,2143.39
16255.0,M,Chicago,7.0,4000.0,1476.58
16262.0,M,California,11.0,1000.0,670.51
16265.0,M,California,38.0,3500.0,1650.62
16270.0,F,Chicago,37.0,2500.0,923.4
16271.0,M,New York,24.0,3500.0,1019.59
16274.0,F,California,43.0,5000.0,2449.65
16279.0,F,Chicago,40.0,3500.0,1846.18
16282.0,F,California,20.0,2000.0,1331.1
16293.0,M,Chicago,13.0,2000.0,1984.0
16303.0,F,Chicago,12.0,3500.0,1122.49
16306.0,M,New York,13.0,2000.0,1984.0
16315.0,M,California,35.0,3000.0,2117.28
16316.0,F,Chicago,44.0,3500.0,2617.14
16321.0,M,New York,18.0,3000.0,1660.74
16326.0,M,Washington DC,6.0,3000.0,2285.79
16327.0,M,California,44.0,4000.0,2964.3
16333.0,F,New York,41.0,4000.0,3116.98
16350.0,F,Chicago,31.0,3500.0,1846.18
16351.0,F,New York,20.0,3500.0,3352.38
16353.0,M,Washington DC,6.0,4500.0,2876.39
16359.0,F,New York,49.0,2500.0,1255.01
16365.0,F,California,49.0,3500.0,2940.1
16367.0,M,California,20.0,3000.0,2100.89
16378.0,F,Chicago,4.0,4000.0,2904.23
16385.0,M,California,19.0,2500.0,1748.14
16387.0,F,California,20.0,3000.0,899.05
16393.0,F,Chicago,20.0,3500.0,2548.51
16395.0,M,Washington DC,18.0,3000.0,2178.57
16401.0,M,Chicago,40.0,2500.0,1201.09
16402.0,M,Chicago,31.0,3500.0,2548.51
16403.0,F,California,26.0,3000.0,1661.61
16405.0,F,California,20.0,4000.0,3577.45
16407.0,M,California,48.0,3000.0,1661.61
16409.0,F,Chicago,45.0,2000.0,2437.58
16411.0,F,Chicago,40.0,3500.0,2548.51
16419.0,F,California,50.0,3500.0,1957.58
16422.0,F,California,35.0,3500.0,3396.14
16424.0,M,New Jersey,29.0,2500.0,2425.35
16442.0,F,New York,46.0,1000.0,1196.03
16455.0,F,Chicago,23.0,3000.0,2659.34
16456.0,M,California,47.0,4000.0,3246.84
16458.0,M,Chicago,12.0,1000.0,670.51
16470.0,F,New York,13.0,3000.0,1749.49
16473.0,F,Chicago,36.0,1500.0,2155.96
16477.0,F,Washington DC,50.0,2500.0,2489.36
16493.0,F,California,37.0,3000.0,2223.08
16496.0,M,California,16.0,3500.0,2019.94
16497.0,F,California,16.0,3500.0,3271.55
16499.0,F,Chicago,31.0,3500.0,1650.62
16500.0,M,New Jersey,6.0,2500.0,1094.77
16503.0,F,Chicago,29.0,3000.0,2178.57
16510.0,F,California,39.0,1000.0,1356.59
16515.0,F,New Jersey,19.0,3500.0,3396.14
16519.0,F,Chicago,45.0,4000.0,1476.58
16520.0,F,Washington DC,37.0,4000.0,2168.04
16523.0,M,New York,6.0,4000.0,2964.3
16525.0,F,California,47.0,4500.0,3112.73
16531.0,M,New Jersey,28.0,500.0,1262.38
16532.0,F,New York,7.0,2000.0,1253.24
16539.0,M,California,2.0,5000.0,2449.65
16546.0,F,California,42.0,3000.0,2073.51
16549.0,F,New Jersey,17.0,3000.0,1662.28
16550.0,F,New York,34.0,2000.0,1498.01
16551.0,F,California,10.0,1500.0,2155.96
16552.0,F,California,27.0,4500.0,2579.52
16553.0,M,Chicago,39.0,2500.0,2342.68
16554.0,F,Chicago,4.0,2500.0,1901.56
16556.0,F,New York,19.0,500.0,1262.38
16558.0,M,California,35.0,3500.0,2839.32
16560.0,M,California,49.0,3500.0,2617.14
16565.0,F,Chicago,2.0,3000.0,1108.88
16567.0,F,California,20.0,1500.0,641.12
16570.0,M,New York,15.0,3000.0,2819.58
16579.0,M,California,50.0,4000.0,1754.92
16583.0,F,California,27.0,4500.0,4055.3
16593.0,F,Chicago,4.0,2500.0,1201.09
16596.0,F,New York,18.0,3000.0,2143.39
16600.0,M,Chicago,32.0,2000.0,1253.24
16607.0,F,California,31.0,3000.0,2321.52
16612.0,F,California,17.0,3500.0,2973.53
16618.0,F,New York,11.0,3000.0,2015.98
16634.0,F,New York,33.0,700.0,981.86
16638.0,F,New York,34.0,3500.0,1694.16
16654.0,F,California,15.0,2000.0,2435.12
16655.0,M,Chicago,40.0,2500.0,1172.96
16656.0,F,Chicago,46.0,2000.0,2294.09
16658.0,F,Chicago,40.0,2000.0,1141.27
16660.0,F,New Jersey,3.0,3500.0,2114.35
16665.0,F,Chicago,31.0,3000.0,1942.13
16670.0,F,Chicago,48.0,3500.0,3352.38
16676.0,F,New York,4.0,2500.0,2425.35
16679.0,M,New York,28.0,2500.0,2342.68
16684.0,M,California,43.0,2000.0,2103.13
16686.0,M,New York,31.0,2000.0,2227.95
16700.0,M,New York,7.0,3500.0,2926.69
16701.0,F,Washington DC,14.0,2500.0,2151.7
16705.0,F,California,18.0,3500.0,2671.9
16710.0,F,New York,30.0,2000.0,1498.01
16711.0,F,Chicago,34.0,1500.0,649.14
16713.0,M,Chicago,5.0,2000.0,2249.45
16714.0,M,New Jersey,38.0,2000.0,1224.01
16716.0,F,California,44.0,4000.0,3897.2
16717.0,F,New York,42.0,4000.0,3100.42
16718.0,F,California,39.0,3500.0,939.9
16719.0,F,New York,40.0,2500.0,2335.35
16722.0,F,New Jersey,45.0,2500.0,2719.46
16725.0,F,Chicago,48.0,2000.0,3444.24
16726.0,F,California,19.0,2500.0,1605.63
16727.0,F,California,11.0,3000.0,1799.66
16730.0,F,Washington DC,9.0,2500.0,1218.6
16735.0,M,New Jersey,42.0,3000.0,2285.79
16743.0,F,California,9.0,3000.0,1919.84
16745.0,F,New York,29.0,3500.0,1957.58
16746.0,M,New York,16.0,3000.0,1749.49
16748.0,M,Chicago,41.0,4500.0,2829.71
16752.0,M,New York,42.0,3000.0,640.93
16754.0,F,New Jersey,5.0,700.0,981.86
16755.0,F,California,33.0,4000.0,2964.3
16757.0,F,Chicago,22.0,2500.0,2827.25
16767.0,M,Washington DC,29.0,3500.0,2431.73
16770.0,F,Chicago,26.0,2500.0,3875.08
16771.0,M,Chicago,39.0,4000.0,3100.42
16775.0,F,Chicago,19.0,2000.0,1984.0
16779.0,M,Washington DC,11.0,4000.0,3897.2
16781.0,F,New York,38.0,4000.0,1754.92
16782.0,F,New York,45.0,3500.0,3202.1
16791.0,F,Chicago,7.0,2500.0,1528.1
16795.0,F,California,20.0,4000.0,2526.49
16805.0,F,Chicago,15.0,500.0,1010.3
16810.0,F,New York,12.0,1000.0,1196.03
16812.0,F,New York,40.0,1000.0,2752.13
16814.0,M,California,22.0,2000.0,3444.24
16816.0,F,Chicago,31.0,2500.0,2643.59
16817.0,M,California,20.0,4000.0,1754.92
16833.0,F,California,46.0,3000.0,1662.28
16835.0,M,Chicago,11.0,3000.0,3727.61
16839.0,F,New York,10.0,3000.0,2819.58
16843.0,M,New York,31.0,2500.0,2504.83
16850.0,M,California,22.0,3500.0,1984.92
16858.0,F,Chicago,47.0,2500.0,2719.46
16861.0,F,New York,41.0,2000.0,2435.12
16863.0,F,Chicago,22.0,2000.0,2639.99
16873.0,M,California,6.0,2500.0,1870.67
16875.0,F,California,3.0,3500.0,3352.38
16882.0,M,Chicago,28.0,2000.0,2478.79
16883.0,F,Washington DC,37.0,700.0,692.67
16885.0,M,New York,27.0,1500.0,2652.13
16889.0,F,Chicago,23.0,1500.0,2155.96
16891.0,M,Chicago,12.0,700.0,770.87
16892.0,M,Chicago,16.0,3000.0,1394.83
16893.0,F,New York,50.0,2000.0,1330.54
16897.0,M,New Jersey,49.0,2500.0,2071.31
16898.0,M,Chicago,40.0,2500.0,2335.35
16899.0,F,Chicago,36.0,500.0,1262.38
16904.0,F,California,17.0,2000.0,2523.41
16905.0,F,New York,33.0,700.0,692.67
16907.0,F,California,16.0,4000.0,1330.34
16912.0,F,Washington DC,16.0,3000.0,1478.16
16916.0,F,New York,7.0,1000.0,1356.59
16918.0,M,Washington DC,47.0,2000.0,2478.79
16919.0,F,New York,10.0,2500.0,1294.22
16923.0,F,New York,23.0,3000.0,2407.55
16926.0,M,California,48.0,700.0,2216.98
16927.0,F,Chicago,45.0,2500.0,682.42
16928.0,F,California,19.0,5000.0,2449.65
16931.0,F,New Jersey,37.0,3000.0,2154.78
16938.0,F,New Jersey,7.0,4500.0,3112.73
16943.0,M,Washington DC,34.0,3500.0,2374.99
16945.0,F,Chicago,9.0,3500.0,2217.07
16948.0,F,Chicago,2.0,3000.0,2546.67
16949.0,M,New York,44.0,3500.0,2087.49
16950.0,F,Chicago,26.0,2000.0,1984.0
16954.0,F,California,6.0,500.0,1230.43
16955.0,F,New York,15.0,1000.0,1196.03
16983.0,F,New York,21.0,3000.0,2107.67
16985.0,F,Chicago,5.0,2500.0,2972.6
16992.0,F,California,7.0,4000.0,3434.31
16995.0,F,California,50.0,700.0,981.86
16996.0,F,New York,13.0,2500.0,2489.36
16997.0,F,New Jersey,35.0,4500.0,2829.71
17001.0,F,California,18.0,2500.0,1783.56
17007.0,F,Chicago,3.0,2500.0,923.4
17017.0,M,California,40.0,4000.0,1754.92
17018.0,M,Chicago,26.0,3000.0,1408.06
17019.0,M,New York,25.0,3000.0,2117.28
17025.0,F,Chicago,45.0,5000.0,2449.65
17026.0,M,California,23.0,3500.0,2768.28
17027.0,F,California,32.0,2000.0,1224.01
17033.0,M,California,47.0,3500.0,1694.16
17035.0,F,New York,10.0,3500.0,3396.14
17041.0,F,New York,15.0,1000.0,670.51
17044.0,F,Washington DC,29.0,3000.0,2321.52
17048.0,F,Chicago,39.0,2500.0,1941.38
17059.0,M,California,24.0,3000.0,2107.67
17062.0,M,Chicago,44.0,2500.0,2071.31
17064.0,M,Chicago,7.0,2500.0,2504.83
17068.0,F,Washington DC,31.0,3000.0,4556.93
17069.0,F,California,10.0,2000.0,2103.13
17071.0,F,Chicago,15.0,4000.0,3577.45
17075.0,F,California,24.0,2000.0,1251.87
17076.0,M,New York,46.0,3500.0,3107.11
17082.0,F,California,30.0,3500.0,3271.55
17085.0,F,California,19.0,2000.0,2663.67
17090.0,F,New Jersey,23.0,2000.0,2553.01
17091.0,F,California,37.0,2500.0,1497.56
17094.0,M,Chicago,35.0,3500.0,3271.55
17095.0,M,California,35.0,3000.0,1946.56
17097.0,M,California,33.0,2500.0,2908.1
17105.0,F,New Jersey,38.0,4000.0,674.31
17114.0,M,California,19.0,3000.0,1486.8
17118.0,F,New Jersey,49.0,2000.0,780.15
17126.0,F,Chicago,32.0,3000.0,2407.55
17128.0,F,New York,47.0,3000.0,2285.79
17135.0,F,California,45.0,700.0,1380.14
17146.0,M,California,5.0,3000.0,1919.84
17147.0,F,Chicago,24.0,3500.0,909.19
17158.0,M,California,17.0,500.0,670.64
17179.0,F,New Jersey,31.0,2500.0,3052.49
17180.0,F,Chicago,35.0,4000.0,2716.48
17181.0,F,New York,49.0,4500.0,2579.52
17188.0,M,Chicago,8.0,3500.0,2617.14
17189.0,F,New York,42.0,3000.0,2321.52
17191.0,M,Chicago,13.0,2000.0,2435.12
17194.0,F,New Jersey,19.0,1000.0,2565.75
17198.0,F,New York,18.0,4000.0,2526.49
17204.0,F,Chicago,29.0,2000.0,2663.67
17211.0,F,Chicago,29.0,3500.0,2768.28
17213.0,M,Chicago,25.0,3500.0,2643.34
17214.0,F,California,28.0,4500.0,2829.71
17218.0,F,Chicago,31.0,3000.0,2563.83
17220.0,F,New York,19.0,3000.0,2819.58
17223.0,F,California,10.0,4000.0,3434.31
17226.0,F,Chicago,22.0,4500.0,2309.46
17227.0,F,New Jersey,19.0,2500.0,1153.36
17228.0,M,Chicago,42.0,3500.0,1957.58
17230.0,M,California,29.0,3500.0,3202.1
17231.0,F,California,5.0,2500.0,3052.49
17235.0,M,California,12.0,1000.0,1356.59
17236.0,F,California,28.0,3000.0,1177.76
17238.0,F,Chicago,20.0,3000.0,2411.39
17239.0,F,California,28.0,3000.0,2819.58
17243.0,M,Chicago,9.0,1500.0,2652.13
17251.0,M,California,46.0,3000.0,2406.31
17256.0,F,New York,43.0,3000.0,2358.1
17259.0,M,Chicago,8.0,2500.0,1294.22
17262.0,F,California,22.0,2500.0,2342.68
17277.0,F,California,31.0,3000.0,2015.98
17284.0,F,New York,38.0,1500.0,2688.98
17287.0,F,Washington DC,45.0,2000.0,2365.81
17288.0,M,California,3.0,3500.0,2289.42
17291.0,F,Chicago,14.0,4000.0,3749.46
17293.0,M,Chicago,16.0,4000.0,3396.87
17303.0,F,Chicago,39.0,2500.0,1605.63
17306.0,F,California,9.0,3000.0,2411.39
17307.0,F,New York,17.0,4000.0,1754.92
17311.0,F,California,6.0,3500.0,1252.63
17314.0,M,Washington DC,24.0,3000.0,2819.58
17315.0,F,New York,10.0,4000.0,1881.66
17320.0,F,California,40.0,2000.0,659.57
17324.0,M,New Jersey,49.0,2500.0,1909.27
17329.0,F,Chicago,9.0,2500.0,484.9
17334.0,F,Washington DC,8.0,4500.0,2876.39
17337.0,F,California,44.0,4000.0,3577.45
17338.0,F,New Jersey,40.0,2500.0,2168.34
17339.0,F,California,21.0,4000.0,1476.58
17340.0,F,California,36.0,2500.0,2719.46
17341.0,F,New York,13.0,2500.0,1909.27
17343.0,M,New York,32.0,2000.0,2103.13
17346.0,F,New Jersey,12.0,3500.0,3202.1
17356.0,F,Chicago,8.0,3500.0,2973.53
17358.0,F,Chicago,6.0,2000.0,1108.03
17362.0,F,California,46.0,4000.0,3116.98
17364.0,M,New York,39.0,2500.0,1941.38
17365.0,F,New York,11.0,3500.0,1696.64
17368.0,M,Chicago,8.0,3500.0,3271.55
17371.0,M,New Jersey,24.0,2500.0,2331.31
17372.0,F,New York,4.0,2000.0,2294.09
17373.0,M,New Jersey,11.0,3000.0,1375.26
17375.0,M,New Jersey,21.0,2500.0,2331.31
17376.0,F,New Jersey,34.0,3500.0,2481.51
17377.0,M,Chicago,34.0,4500.0,3796.85
17381.0,M,New Jersey,17.0,4500.0,2309.46
17389.0,F,New York,2.0,2000.0,3444.24
17392.0,M,Chicago,6.0,4000.0,3246.84
17396.0,F,California,13.0,700.0,1380.14
17400.0,F,California,45.0,2500.0,2489.36
17402.0,F,California,37.0,3500.0,2280.26
17404.0,F,New Jersey,11.0,4000.0,2964.3
17406.0,F,Chicago,3.0,3000.0,2178.57
17411.0,F,Chicago,16.0,3000.0,2872.23
17412.0,F,California,19.0,3500.0,2217.07
17418.0,M,Chicago,26.0,3000.0,1660.74
17419.0,F,New York,48.0,2000.0,1984.0
17420.0,F,New York,19.0,4500.0,3480.36
17428.0,F,California,14.0,3500.0,3352.38
17430.0,F,Chicago,36.0,3000.0,1593.58
17431.0,M,Chicago,7.0,2500.0,2643.59
17442.0,M,California,34.0,4000.0,1754.92
17446.0,F,New York,42.0,4000.0,3100.42
17449.0,F,Chicago,24.0,3500.0,3202.1
17450.0,F,California,17.0,3500.0,3352.38
17454.0,M,New Jersey,15.0,3500.0,2553.18
17456.0,F,New Jersey,34.0,4000.0,1754.92
17457.0,F,Chicago,47.0,4500.0,2876.39
17460.0,F,California,35.0,3500.0,2374.99
17463.0,F,New York,27.0,3000.0,1642.31
17470.0,F,California,48.0,2000.0,982.2
17491.0,F,New Jersey,31.0,3000.0,2546.67
17496.0,F,Chicago,7.0,3000.0,2321.52
17504.0,F,Chicago,9.0,3000.0,1991.44
17507.0,F,California,25.0,4500.0,2876.39
17511.0,F,Chicago,25.0,4000.0,3897.2
17515.0,F,California,44.0,3500.0,2374.99
17517.0,F,California,20.0,4500.0,3112.73
17519.0,F,New Jersey,46.0,2000.0,1837.87
17524.0,F,California,4.0,2500.0,3052.49
17525.0,M,New York,11.0,3500.0,1126.87
17526.0,M,California,22.0,3000.0,2872.23
17530.0,F,Chicago,28.0,4000.0,3078.84
17540.0,F,New York,37.0,4000.0,3390.82
17547.0,M,Chicago,41.0,1000.0,1124.95
17548.0,M,Chicago,50.0,4500.0,1576.38
17551.0,M,Chicago,32.0,3500.0,2940.1
17552.0,F,New York,44.0,700.0,1380.14
17555.0,F,Chicago,27.0,3000.0,2285.79
17560.0,F,California,19.0,4000.0,2904.23
17567.0,F,California,9.0,1000.0,937.58
17569.0,F,California,41.0,2500.0,1528.1
17572.0,F,Chicago,49.0,5000.0,3287.83
17576.0,F,California,23.0,4000.0,3078.84
17580.0,M,Chicago,30.0,3000.0,1661.61
17581.0,M,California,25.0,3000.0,2117.28
17585.0,F,California,26.0,2500.0,850.14
17591.0,F,New York,25.0,2000.0,2294.09
17593.0,F,New York,22.0,2500.0,2489.36
17596.0,F,California,38.0,2500.0,1918.53
17602.0,M,Chicago,40.0,3000.0,1736.19
17604.0,F,California,28.0,3000.0,2358.1
17609.0,M,New York,21.0,2500.0,2504.83
17611.0,M,New York,26.0,2500.0,3052.49
17616.0,F,New York,6.0,2000.0,982.2
17618.0,F,Chicago,17.0,3000.0,1801.66
17619.0,F,New York,30.0,3000.0,2358.1
17621.0,M,California,25.0,3000.0,4556.93
17629.0,F,New York,11.0,3500.0,3352.38
17633.0,F,Chicago,17.0,3000.0,2321.52
17634.0,F,Chicago,32.0,2500.0,2425.35
17643.0,F,California,33.0,5000.0,2435.97
17644.0,F,Chicago,5.0,3000.0,1511.94
17646.0,M,New Jersey,13.0,4000.0,1476.58
17655.0,F,New York,2.0,3000.0,2143.39
17659.0,F,California,33.0,3500.0,1473.98
17671.0,F,New York,34.0,4000.0,1476.58
17672.0,M,California,39.0,4500.0,663.46
17673.0,F,Chicago,12.0,3500.0,3705.5
17674.0,M,Chicago,2.0,4000.0,642.34
17675.0,F,New York,17.0,2000.0,3444.24
17676.0,M,New York,15.0,2500.0,2342.68
17677.0,M,New York,3.0,3000.0,1511.94
17682.0,M,Chicago,39.0,2000.0,1498.01
17685.0,M,Washington DC,37.0,4000.0,3396.87
17690.0,F,Chicago,6.0,2500.0,2719.46
17691.0,F,Chicago,48.0,3500.0,1473.98
17692.0,F,New Jersey,11.0,3500.0,1598.46
17696.0,F,California,2.0,3500.0,3107.11
17700.0,F,New York,21.0,4000.0,1754.92
17702.0,F,Chicago,28.0,4000.0,2526.49
17706.0,M,New Jersey,29.0,2000.0,1330.54
17707.0,F,Chicago,4.0,1500.0,2688.98
17708.0,M,New York,44.0,2500.0,1497.56
17714.0,F,New York,6.0,3000.0,1511.94
17720.0,F,Chicago,28.0,2000.0,1542.81
17722.0,F,Chicago,12.0,2000.0,4019.93
17730.0,F,Chicago,30.0,3500.0,1153.81
17732.0,F,Chicago,8.0,3000.0,417.73
17735.0,M,New Jersey,49.0,2000.0,1542.81
17739.0,F,California,7.0,3500.0,1692.8
17742.0,F,Chicago,35.0,3500.0,3352.38
17744.0,F,New York,42.0,3500.0,2617.14
17752.0,F,California,38.0,3000.0,2321.52
17757.0,F,New York,45.0,3000.0,2563.83
17760.0,F,New Jersey,45.0,5000.0,2449.65
17769.0,M,New York,32.0,3000.0,2230.76
17771.0,F,New York,33.0,3000.0,1394.83
17786.0,F,California,9.0,2000.0,2437.58
17787.0,M,California,8.0,3000.0,2486.46
17790.0,F,Washington DC,34.0,3000.0,2697.6
17796.0,F,Washington DC,5.0,3000.0,3784.07
17799.0,F,Chicago,14.0,3000.0,2411.39
17800.0,F,Chicago,12.0,3000.0,1662.28
17802.0,F,California,13.0,1000.0,560.02
17809.0,F,New Jersey,24.0,4500.0,3480.36
17811.0,M,California,35.0,3500.0,1984.92
17812.0,M,Chicago,20.0,2000.0,1837.87
17816.0,F,Chicago,29.0,4000.0,1476.58
17819.0,M,Chicago,13.0,3000.0,1665.47
17820.0,F,Chicago,35.0,3000.0,2321.52
17827.0,M,California,32.0,3500.0,3107.11
17838.0,F,California,14.0,4000.0,1754.92
17841.0,M,California,21.0,3500.0,3705.5
17848.0,M,Chicago,25.0,4000.0,3577.45
17849.0,M,California,8.0,3500.0,1984.92
17850.0,M,Chicago,12.0,3000.0,3727.61
17855.0,F,New York,13.0,3000.0,417.73
17857.0,M,Chicago,47.0,3000.0,1631.25
17858.0,M,Chicago,34.0,3500.0,3705.5
17860.0,F,New Jersey,49.0,2500.0,1768.28
17861.0,F,Chicago,37.0,3500.0,1353.34
17862.0,F,Chicago,17.0,3000.0,1660.74
17863.0,F,Chicago,50.0,3500.0,2548.51
17865.0,M,Chicago,12.0,1500.0,1709.84
17869.0,M,California,50.0,2000.0,982.2
17870.0,M,New Jersey,40.0,2000.0,2639.99
17873.0,M,California,26.0,5000.0,2435.97
17880.0,M,California,12.0,3500.0,1650.62
17884.0,F,Chicago,37.0,3500.0,2973.53
17888.0,M,New York,37.0,2000.0,1251.87
17889.0,F,New Jersey,40.0,3000.0,1511.94
17890.0,F,Chicago,27.0,2500.0,2805.79
17894.0,F,California,37.0,3000.0,4556.93
17897.0,M,Washington DC,19.0,4500.0,3796.85
17905.0,M,New York,42.0,5000.0,3287.83
17908.0,F,California,15.0,4500.0,2928.55
17912.0,M,New Jersey,7.0,4000.0,3100.42
17913.0,F,New York,29.0,1500.0,1070.66
17917.0,F,California,40.0,3000.0,2271.0
17920.0,F,California,18.0,4500.0,4055.3
17924.0,M,New Jersey,26.0,2000.0,2249.45
17925.0,M,New York,12.0,3000.0,417.73
17929.0,M,California,4.0,4500.0,3112.73
17937.0,M,New York,38.0,2500.0,2805.79
17949.0,F,New Jersey,15.0,700.0,2216.98
17950.0,F,New York,39.0,4000.0,1754.92
17951.0,F,Chicago,36.0,4500.0,2579.52
17954.0,F,New York,22.0,2000.0,2365.81
17961.0,F,California,10.0,4000.0,3100.42
17964.0,M,New Jersey,5.0,1000.0,1356.59
17965.0,F,Chicago,7.0,4000.0,3078.84
17967.0,F,Chicago,6.0,700.0,692.67
17968.0,M,New York,33.0,4500.0,3796.85
17969.0,F,California,11.0,2500.0,2331.31
17975.0,M,Chicago,6.0,4000.0,2904.23
17976.0,M,Washington DC,12.0,1000.0,560.02
17978.0,F,Chicago,15.0,4000.0,2526.49
17980.0,M,New York,47.0,3000.0,1428.32
17988.0,F,Chicago,45.0,3000.0,2441.62
17990.0,F,New York,20.0,2500.0,923.4
17999.0,F,New Jersey,30.0,2500.0,2719.46
18004.0,F,Chicago,30.0,3000.0,1942.13
18008.0,F,California,25.0,3500.0,1900.77
18011.0,M,California,7.0,3000.0,3727.61
18016.0,F,Chicago,16.0,3000.0,732.47
18017.0,M,Chicago,37.0,4000.0,3100.42
18032.0,F,Chicago,37.0,3000.0,2563.83
18037.0,M,New Jersey,46.0,3000.0,2411.39
18041.0,M,Washington DC,30.0,4000.0,3100.42
18043.0,F,New York,18.0,2000.0,2177.75
18044.0,F,California,9.0,1000.0,2565.75
18050.0,F,California,48.0,3500.0,2940.1
18055.0,F,Washington DC,18.0,3500.0,2973.53
18061.0,M,Washington DC,4.0,3000.0,1991.44
18062.0,F,California,25.0,2500.0,1627.19
18065.0,F,Chicago,47.0,3500.0,3549.13
18069.0,F,Chicago,10.0,2500.0,1292.58
18071.0,M,Chicago,24.0,3000.0,1631.25
18074.0,F,California,10.0,4500.0,3480.36
18075.0,F,New York,12.0,4000.0,2716.48
18077.0,M,Chicago,34.0,2000.0,2639.99
18085.0,M,Chicago,34.0,4500.0,4055.3
18092.0,M,California,34.0,2000.0,2663.67
18095.0,F,Chicago,14.0,3000.0,4556.93
18097.0,F,New York,6.0,2500.0,1240.47
18102.0,F,Chicago,48.0,2000.0,2639.99
18106.0,F,California,49.0,3000.0,1296.81
18109.0,F,New York,9.0,3000.0,2844.64
18113.0,M,New York,3.0,2500.0,1918.53
18116.0,F,Chicago,38.0,3000.0,2743.71
18118.0,M,Chicago,24.0,3000.0,3784.07
18119.0,F,California,20.0,2000.0,2365.81
18125.0,F,Chicago,3.0,4000.0,3390.82
18136.0,M,Chicago,28.0,3500.0,2114.35
18141.0,M,California,28.0,1000.0,1196.03
18144.0,F,California,26.0,2500.0,2848.39
18145.0,F,Chicago,36.0,3000.0,1375.26
18156.0,F,California,26.0,3000.0,2107.67
18161.0,F,California,47.0,3500.0,1353.34
18168.0,F,Chicago,5.0,3500.0,3202.1
18171.0,M,New York,21.0,3500.0,1846.18
18176.0,M,New York,19.0,3500.0,1019.59
18178.0,F,New York,33.0,4500.0,2829.71
18179.0,F,New York,6.0,1500.0,2688.98
18190.0,M,California,8.0,2500.0,2297.87
18193.0,F,California,31.0,2500.0,2307.25
18198.0,F,Chicago,29.0,1500.0,2688.98
18202.0,F,New Jersey,18.0,3500.0,2671.9
18212.0,F,California,37.0,3000.0,1408.06
18219.0,F,New York,32.0,1000.0,2752.13
18223.0,M,Washington DC,44.0,3000.0,1991.44
18225.0,F,New Jersey,28.0,4000.0,1754.92
18226.0,F,New Jersey,40.0,2500.0,1901.56
18229.0,M,New York,16.0,3000.0,2223.08
18230.0,F,California,36.0,3000.0,2321.52
18233.0,F,New Jersey,2.0,3000.0,1408.06
18239.0,M,New York,20.0,3000.0,2819.58
18245.0,F,Washington DC,5.0,2000.0,2227.95
18250.0,M,Chicago,15.0,4000.0,3100.42
18256.0,M,California,45.0,2000.0,2103.13
18259.0,F,California,5.0,2500.0,2342.68
18260.0,M,New York,43.0,3000.0,2563.83
18269.0,M,Chicago,25.0,2500.0,2342.68
18277.0,F,Chicago,47.0,3500.0,1153.81
18283.0,F,New Jersey,36.0,3500.0,3705.5
